utc,video_id,title,views,channel_subs
2026-07-24T14:18:41+00:00,rHrFotZGnEY,GTA Made Me FAIL My Driving Test 💀,4,5
2026-07-24T14:18:41+00:00,th58tQr8zhY,My Brother SOLD My GTA Account… For This 😭,926,5
2026-07-24T16:04:47+00:00,rHrFotZGnEY,GTA Made Me FAIL My Driving Test 💀,4,4
2026-07-24T16:04:47+00:00,th58tQr8zhY,My Brother SOLD My GTA Account… For This 😭,926,4
2026-07-24T17:48:54+00:00,rHrFotZGnEY,GTA Made Me FAIL My Driving Test 💀,5,5
2026-07-24T17:48:54+00:00,th58tQr8zhY,My Brother SOLD My GTA Account… For This 😭,1100,5
2026-07-24T19:43:24+00:00,rHrFotZGnEY,GTA Made Me FAIL My Driving Test 💀,7,4
2026-07-24T19:43:24+00:00,th58tQr8zhY,My Brother SOLD My GTA Account… For This 😭,1100,4
2026-07-24T21:17:35+00:00,rHrFotZGnEY,GTA Made Me FAIL My Driving Test 💀,7,4
2026-07-24T21:17:35+00:00,th58tQr8zhY,My Brother SOLD My GTA Account… For This 😭,1100,4
2026-07-24T22:40:08+00:00,rHrFotZGnEY,GTA Made Me FAIL My Driving Test 💀,8,4
2026-07-24T22:40:08+00:00,th58tQr8zhY,My Brother SOLD My GTA Account… For This 😭,1100,4
2026-07-25T00:13:32+00:00,rHrFotZGnEY,GTA Made Me FAIL My Driving Test 💀,7,4
2026-07-25T00:13:32+00:00,th58tQr8zhY,My Brother SOLD My GTA Account… For This 😭,1100,4
2026-07-25T03:53:09+00:00,rHrFotZGnEY,GTA Made Me FAIL My Driving Test 💀,10,4
2026-07-25T03:53:09+00:00,th58tQr8zhY,My Brother SOLD My GTA Account… For This 😭,1100,4
2026-07-25T06:26:47+00:00,rHrFotZGnEY,GTA Made Me FAIL My Driving Test 💀,10,4
2026-07-25T06:26:47+00:00,th58tQr8zhY,My Brother SOLD My GTA Account… For This 😭,1100,4
2026-07-25T08:34:58+00:00,rHrFotZGnEY,GTA Made Me FAIL My Driving Test 💀,10,4
2026-07-25T08:34:58+00:00,th58tQr8zhY,My Brother SOLD My GTA Account… For This 😭,1100,4
